Ad_Cost,Inventory,Potential_Customers,Sales
2498.16047538945,96,409,390.2154113794112
4802.857225639665,185,397,658.3557820597334
3927.9757672456203,268,925,718.6332699565669
3394.6339367881465,233,399,522.1038365668094
1624.0745617697462,251,417,383.4268960308386
1623.9780813448106,214,807,433.41031344681966
1232.3344486727979,223,559,342.8406734748178
4464.704583099741,262,821,743.1043429833968
3404.4600469728352,112,252,429.08365236830036
3832.290311184182,172,590,591.3155592332249
1082.33797718321,105,226,195.64008263650027
4879.639408647978,296,250,672.4372380063625
4329.770563201687,286,925,745.7534644579898
1849.3564427131046,59,311,287.76252802120973
1727.2998688284024,226,625,404.4373529459124
1733.6180394137352,281,528,434.79908104053857
2216.968971838151,95,477,359.23888255329217
3099.0257265289515,191,919,572.1289930769658
2727.780074568463,278,217,444.01276305735973
2164.9165607921677,58,731,404.04977227928623
3447.411578889518,224,970,649.1821761095852
1557.9754426081672,124,648,341.91467129591075
2168.5785941408726,281,949,548.7580416726151
2465.4473731747667,292,241,445.76256467915215
2824.2799368681435,286,535,543.601981845839
4140.703845572054,168,408,594.1553768561347
1798.6951286334388,265,784,465.571826405453
3056.9377536544466,261,985,619.9332985046243
3369.6582754481697,129,405,478.33117593358423
1185.8016508799908,257,723,394.28297015382793
3430.1794076057536,59,358,434.48035149846925
1682.0964947491661,199,652,388.5381403259662
1260.206371941118,107,571,297.15851600961065
4795.542149013333,80,977,714.4676913856288
4862.528132298237,69,686,658.2807831839395
4233.589392465845,224,479,623.5739858995837
2218.4550766934826,134,291,344.7415005272906
1390.6884560255355,231,320,309.3265141598705
3736.9321060486277,66,380,491.59519471611065
2760.6099749584055,128,400,430.4134908430781
1488.1529393791152,184,880,398.3534153155306
2980.707640445081,247,648,541.875655442584
1137.5540844608736,129,618,286.89011589518657
4637.281608315128,206,291,618.427921487444
2035.1199264000677,271,888,515.7776129421031
3650.089137415928,203,778,607.6124615446075
2246.8443043576435,108,254,320.26583230451126
3080.272084711243,56,766,479.1876347503094
3186.841117373119,267,634,581.0567850313013
1739.4178221021082,55,265,255.13522558057332
4878.338511058235,268,566,727.8164755724509
4100.531293444458,182,587,620.2213380658399
4757.995766256756,284,332,678.732775779803
4579.309401710596,249,956,770.9143890677991
3391.5999152443405,299,879,681.1945124274196
4687.496940092467,137,735,697.6543045271502
1353.970008207678,241,569,356.7011884514918
1783.9314496765808,150,529,367.49046914644987
1180.9091556421522,169,720,354.7048811091311
2301.3213230530573,206,636,448.84949941777955
2554.709158757928,268,249,447.45869231334143
2085.3961270955833,296,610,493.91893189368386
4314.950036607717,242,845,710.2695555983277
2427.0133067743573,154,567,423.9263024672931
2123.738038749523,155,241,348.25041854338735
3170.784332632994,234,829,602.593386371556
1563.6968998990505,109,361,288.5844527423003
4208.787923016159,77,406,543.984684465621
1298.2025747190833,138,331,268.9272166811898
4947.54774640207,121,464,634.7900533570961
4088.9790771866296,124,805,642.3710847848774
1794.8627261366896,108,615,368.1821725379467
1022.0884684944097,60,363,202.51493940876074
4261.845713819337,54,902,633.1498018837951
3827.4293753904685,296,903,696.0318625134896
3916.028672163949,156,896,653.9454147765733
4085.081386743783,146,391,565.4287130915197
1296.1786069363616,219,560,350.4959505236431
2433.8629141770907,104,987,504.0298250164141
1463.476238100519,287,817,449.9068515002525
4452.413703502374,246,221,618.0874296091736
3493.1925073102316,72,252,425.522607344102
2323.592099410597,154,571,423.3236884323173
1254.2334011440946,269,927,443.5797975353811
2243.929286862649,286,630,495.6460079066743
2300.733288106988,166,598,428.97805952236524
3918.4247133522563,203,284,548.827745378509
3550.2298854208525,91,725,553.7834602565003
4548.850970305306,297,857,770.4174546581485
2888.859700647797,107,504,427.12019905739294
1478.3769837532068,285,820,471.8335374173749
3852.97914889198,212,971,699.3124556761029
4043.14019446759,201,363,564.4913924957028
3245.108790277985,178,618,544.0079570802504
4083.868719818244,107,429,542.657124276311
2975.182385457563,94,834,513.9531106990669
3090.9313175279763,105,662,496.9353730429326
2710.1640734341986,96,707,458.07232934025666
1101.6765069763808,244,838,391.92999404177414
1431.5657079732177,137,516,307.95116027415924
1125.716742746937,64,932,321.80975511988123
3545.6416450551214,292,626,617.4459424232077
2257.4239243053066,270,326,425.2706095300371
3034.282764658811,281,756,587.9706765747736
4630.265895704372,298,834,785.6471102275633
1997.1689165955,93,453,351.6893532129093
2641.531692142519,149,885,509.85263680055147
4022.2045541721945,239,924,708.9145004225732
1915.1926619664898,224,421,392.71611729967833
1307.919639315172,88,986,376.71198664070994
2159.005811655072,253,312,405.5601338446681
1644.8851490160177,106,361,297.11533908519897
4718.790609370292,105,347,598.6015504638357
4232.481518257668,184,915,685.8715276024939
3533.615026041694,198,723,605.6530632480622
4485.84236075087,195,321,619.1571444477546
4214.688307596458,72,552,560.2359697178599
1746.2802355441434,269,692,447.90740190889034
4570.235993959911,116,266,575.0568893241019
3157.3689676626027,82,905,535.6437585704667
4229.7606206562505,272,842,738.1058425432851
4584.365199693973,288,604,746.8752449155909
2272.0138998874554,265,973,546.4415296623957
1440.207698110707,252,534,363.010323779533
1911.7406501677667,213,987,498.11225097282545
2708.431154505025,187,734,518.3587405017639
4272.059063689972,71,707,601.7972426305496
4442.9223330253735,152,332,601.2248399357477
1027.8085221247627,143,905,341.89479421524373
3042.989210310263,114,541,476.4281072613424
2669.644012595116,230,329,441.7057930519227
1888.4312418829209,173,210,334.53690325036507
1479.4614693347312,70,647,332.27130046515435
2350.460685614512,105,621,404.0795026836177
4771.638815650076,220,775,736.6683102059218
2292.811728083021,69,912,454.7770516781001
3075.162486973464,262,263,487.2449421994513
3812.0758355807116,173,785,624.2534713787488
2454.518409517176,170,349,400.50572515714174
4887.128330883843,198,886,745.7161015264078
4849.789179768445,256,855,783.8405405159021
2007.1291833014566,136,632,388.21564058950395
2988.9940235695417,219,768,557.0681741329565
2203.5132392670785,191,451,420.48764396139603
2139.3619775098705,116,576,374.5711288081945
1147.5477894181313,269,857,428.7868308092929
3438.2573359195876,249,567,578.9361042886408
3010.716092915446,214,486,502.47400760658627
1205.9150049999573,262,595,378.4952194605128
2114.585856946446,266,862,520.2590986403335
4633.063543866615,227,468,676.1124843588568
1958.2475626678897,259,339,402.8066028721176
1579.5794883648923,224,769,420.444865004656
2957.811041110252,220,860,571.6587367659478
4942.601816442402,204,280,641.4086763786622
1968.2210860460018,238,391,385.76800330481063
3688.5421896235143,89,313,505.44516321543875
4046.4784613148704,270,478,647.6946419388549
1950.5501759695985,267,560,427.04427393487964
3912.865394447438,57,799,566.3619598773081
2471.132530877013,256,720,523.9319137048863
3529.223322374318,82,696,538.5949802112115
3534.1188430435786,133,481,521.6007226575315
3143.098736299034,235,873,603.8603156943665
1361.1590802176333,90,577,295.26136542173435
4341.2099823569515,254,983,760.9997934772888
2283.120259886943,258,707,499.57095605162766
1746.074041599417,176,301,300.6144004324663
1163.1005662190557,51,740,287.5120603161536
3363.5717727529673,121,460,480.3431129326936
3710.2574473691297,204,749,624.5778589259982
1066.3513157114246,295,255,334.9877215971765
3048.372233197124,207,339,479.81203997445544
1905.983100791752,114,884,421.2630132174512
3580.6911616377993,208,381,547.4871311835525
1697.4657160199658,184,869,440.37345047408877
3763.7509524098637,244,423,587.1760401455049
2546.94138520215,76,714,441.5626444523717
4746.919954946938,240,755,766.2574311429893
1550.0837765839728,185,610,358.19949330513816
2364.265404201034,290,444,474.9628611882179
1453.8940849623564,135,370,277.6255971964203
4698.774473114251,208,226,624.6325737748477
4509.357413523924,283,443,671.8488762375315
2031.7665108606225,75,722,380.90298295001145
3639.9361841367163,284,950,693.0427192712925
4268.888800804863,221,896,726.3470472739335
3220.8032463978493,66,812,526.6648690792091
3118.602313424026,125,830,527.9030575779387
1967.4091636018068,227,731,456.9902574701792
1372.4110712235968,66,408,244.74530857486795
4588.863031813307,195,925,728.8012540745774
4601.672228653322,136,736,673.1970523610885
3532.4058290930716,205,648,582.255755024749
2356.1191641948026,61,288,347.9790812829355
2396.8382984506434,267,557,488.91342809867126
3903.8227154809574,293,568,636.7060965405534
4588.441039810308,292,891,777.3963639393215
4548.345697060469,237,637,710.9484026603409
4119.502183430495,82,504,574.6346460717488
3568.126584617151,239,981,656.6528253393355
1336.5598599801954,56,288,200.45674214662907
1646.514856378455,55,538,318.46113739156334
4594.216754108316,130,233,574.9178171845407
3425.7162386383598,172,791,578.0886965450724
1036.7882064665187,242,934,416.8251115078763
1405.8861714641284,220,424,309.0311397562441
3654.007076432223,161,886,623.1344627091939
1020.2463353848748,118,433,250.90284526691835
1643.2322056699945,299,928,508.66592196237775
3194.9351574663447,156,803,547.9545562237091
3767.580790770773,162,843,627.214950691111
3607.8450380104023,90,214,439.3302575404444
1897.0772378422391,248,970,510.26156134096715
3848.7168853901435,223,781,643.6182253153842
1948.9963499872001,105,443,331.9186266071178
2301.598792637071,70,863,427.80172531580484
3985.9656204720964,220,425,600.1079244654462
3598.5315961888587,213,898,654.5376707854526
4396.893641976712,118,290,554.3431584980971
3630.4515692013733,287,762,659.3275368697376
3273.2344133418865,87,632,482.73752718785323
1374.6990713123698,158,277,268.87314065116914
2470.863212237734,285,393,467.68427505335603
2060.809470726902,154,209,351.08887798298997
1975.9585735163344,209,575,405.9761870938918
4892.0422190097825,149,441,666.5459942885027
2572.3908986670417,118,678,461.80767760136223
4568.186220708453,295,437,694.5249861157466
3524.5545039890517,152,439,533.8416552408565
4179.2452141665935,273,794,716.945576142728
3010.5483724207684,107,238,406.0464291987562
3307.6155385054362,103,922,566.1303473203682
2970.0707752754556,57,881,513.9427663517318
1780.971951192178,212,734,441.86188745732665
3889.8084610460214,142,674,588.5240732296401
2123.089449763423,266,913,514.7164730303547
1097.2638657258153,168,348,261.296580198625
3581.889183628671,292,263,548.7885327188907
1708.4427176281956,96,391,296.409026016666
4761.8343374116575,267,835,789.0578150880071
4815.71430801035,244,227,644.398414250167
4659.457560881794,242,666,719.7175222750637
2480.6348010217775,261,996,578.3437074502618
1061.8264661154697,240,884,411.4669554335999
4713.274250350902,206,617,675.2585316952441
2712.7365932692574,82,250,356.2066563792728
4866.619276174679,58,865,690.7747645402626
4854.4799083570115,280,679,773.2487803999697
4412.03782186944,204,291,596.484757711882
2177.7955682783427,249,275,378.5140297674156
2540.390914407701,170,927,530.6362059004315
4404.546686067428,79,735,620.6010447184866
2267.6880206251108,81,863,427.9721354716075
1677.9709867443698,221,903,452.65364477730475
3227.2050498334006,157,657,530.7752514067815
4744.619096643124,100,613,641.0144630189303
3784.119186699892,172,544,551.1562580989986
3280.24468035746,66,453,460.5951300046173
1388.705975083074,195,547,358.51934792109466
3460.028906796679,117,819,574.818110593063
4960.215400417053,249,681,745.3446833374571
1560.336060946096,127,914,400.31869075513447
3073.318609454947,163,554,499.56664779320016
4509.492287711822,52,685,619.9371726668014
3963.074471016818,68,705,577.9908519888627
3788.062963981072,148,673,580.0645584103222
3809.936335948437,169,762,618.7135891589793
2437.964604879021,200,389,426.1692645340545
2174.3673770579735,122,609,414.794960927265
4237.444621914055,223,283,598.8895275896527
4240.453578716722,265,507,665.8359247454274
4468.289274320415,244,590,687.6671937113351
4652.962210225885,59,721,653.1008124746236
3045.369595443751,170,960,585.6345875039701
3006.0651787487986,76,680,465.9956387731442
4193.180715867101,110,794,647.151771287962
3599.855723111061,296,605,635.9646050364964
3807.8675090308134,85,707,560.2563106917966
4183.170677744404,174,256,551.722138100448
4560.021367270265,204,403,641.5678921784341
2351.980627406143,225,489,450.1299106932902
2502.3318105597764,189,577,462.10610371228967
1375.927759363476,52,236,213.90586267077646
3313.1205639846958,131,312,476.2116301442334
1143.7690951869683,179,421,298.7923410410457
2862.3920725298403,71,977,519.0455631656343
3170.5785388303066,137,465,487.9709596907055
2146.1650085131378,58,585,350.2912618160384
3363.333042276043,69,356,446.01257472707243
1122.0009997561976,149,688,342.3931634729509
1149.3927549968575,83,424,239.05881654576206
4290.402242638633,191,365,589.0638849776725
2440.762565645052,222,613,471.15536767857463
1508.242050607539,250,204,305.72787468733003
3088.9730402192176,100,206,392.2496849406447
4079.9742123944434,91,375,524.792340253544
1863.2841099873726,76,229,256.07274080695083
3491.561903276001,209,286,511.01237366709614
1341.3898599750719,226,471,350.3617577353737
1206.7268846744307,57,842,308.4951266659739
3125.418526272592,284,657,601.134691863677
3162.540486440426,62,610,474.36196952931857
3549.719605992826,185,434,544.5777664555233
3904.3653348906464,227,945,686.3581879505433
4903.408317850139,267,517,735.7860840556801
3065.201393204781,228,269,463.40080031652496
2291.8258917649837,250,693,501.68506418486345
4180.744779074815,134,291,544.9928713054168
2083.329005048297,253,476,435.5654127046775
2755.8856828225444,70,605,419.832622226006
1313.8255253690638,273,899,438.73185411414033
1101.40297366183,186,594,327.91257954871685
4850.5936587117,254,761,754.775885828928
4343.920482048823,163,994,719.3241111258734
3783.896824374792,210,305,530.7183043728768
2635.81177765708,181,419,446.3629198923747
1693.177280283383,232,515,375.9924948806532
1625.7481706843441,70,537,310.4978164452296
2000.9715926583813,65,528,344.45346860229813
3196.906658824482,111,926,553.4229476981525
3858.3836908002495,89,771,590.3586347508722
3640.789506870925,267,686,637.3833733204281
2119.7355877837713,104,447,347.9851402164498
4819.461122652776,293,859,790.1605654245155
3951.587666783074,134,964,635.3325097615817
3217.416210045603,95,856,543.9381214775573
3446.8829849374088,247,201,492.74027078012034
2678.4002497111596,214,709,517.593466965529
1990.9239580046299,174,240,331.45791363964054
2423.890714605046,188,406,424.3804992148866
4031.3844418574763,229,247,564.017989190849
1057.5739545190236,107,683,292.56291758843145
1464.290562027665,299,749,453.0477632456495
1184.010568087011,293,291,326.45163709954227
1162.9152092758804,212,507,326.85308049941585
4421.842336044028,99,564,609.176909502488
3814.6314375200946,220,495,575.1074225199385
2896.695316349301,68,296,390.4374184347999
1391.3366426040059,57,535,280.7583522005366
2966.463500467329,114,800,503.479518760968
2893.887083122263,165,256,420.6479035754843
1692.8074796400606,267,264,355.18767508772976
2735.4065969518924,231,483,484.29569185117197
2594.018937589494,235,953,570.8404934246347
3463.400392208866,156,734,585.4537070391984
3540.374603470575,136,742,581.2551276237857
1181.2160390881781,142,489,273.79941197450376
2498.450458505885,296,674,538.865745753649
3503.4396628569457,60,208,435.23329948104873
3012.545034320351,266,708,579.7225886389272
4425.959364753289,194,930,736.5057407271886
3634.77452647578,159,690,601.1001571045857
1651.7377083257188,231,898,470.51086629364175
1282.2749896017194,171,779,372.02058491658926
3569.6771128252626,268,296,560.6185960233738
1106.0452421664872,275,921,433.7534025476176
3343.1023250938533,155,253,462.64926294223494
4760.92096569983,119,627,657.4779542128457
3301.8967115035157,198,313,507.42380473867274
2552.679704826088,278,209,427.8836838231888
3573.1528737694125,102,537,531.0389646237224
2833.0115619660664,205,436,477.99979743401036
3182.46715726374,207,588,525.3536539783546
4765.859235106101,233,661,728.9624164405243
2544.410551203097,82,234,321.2407900437934
4844.762255295656,228,298,664.331305697876
4621.402567824255,277,646,738.6925716123154
1783.1645391571858,94,474,314.192894359198
1277.4452035006618,109,783,340.079997309622
1403.1120055097067,292,721,450.05277488847355
1072.887302606199,95,876,324.9312632180006
1377.7718430237137,263,753,409.28810843180537
3732.0270936654274,173,543,583.1193433911687
1284.754593840916,111,738,351.2013312893995
2275.902521175045,267,420,445.12720883598297
4379.501243877818,161,445,617.5647547418654
1093.0877429433035,178,831,377.92353344963914
4257.873930355743,139,557,599.2625507101906
2127.4190990935995,198,838,474.48885155568126
1472.6593104866251,90,857,375.9746761802099
3786.9486614566026,147,886,646.2450089327455
3515.771387119536,292,933,689.8059473136972
4509.888054108212,114,544,607.9906618758006
3940.284175215543,214,455,611.8990286385487
4213.923721539394,131,665,614.5826631758199
2128.138290285226,243,496,430.16245121680805
1709.7581751188914,82,680,351.39919585678535
4002.4590065634334,292,764,714.5875048634911
4227.338957069056,163,750,662.7736554724279
4962.020568002694,109,499,654.6507118038885
2650.470707645706,68,333,370.27995606575166
2488.0723431711326,92,544,404.042381003548
4105.651842967987,179,314,568.4465794419838
2363.2141610120716,134,912,460.42581532426414
4723.029302414259,257,476,693.036855650728
4433.651007372047,157,323,588.8783200863726
2715.976109500073,112,220,360.08747011381223
4003.4842711659894,204,716,649.4116602947146
4018.1714963387294,226,709,654.5724374240117
1412.4954753437305,91,472,298.70430451752793
4610.211626718266,91,257,573.6513599239752
3021.0094897914287,59,527,432.34289328796126
4305.829864430967,234,448,635.6746093274298
2280.198404122447,215,741,482.9803647561608
4582.092913984801,168,684,674.4926966368839
2556.8067149366525,261,491,486.33092133394655
1043.3506059211934,251,374,297.05223990324345
4621.527905677054,196,990,746.8466372183302
1365.1467071445343,267,563,388.8417829534562
2277.2545503616593,101,750,434.52075087838404
4800.24786820322,77,312,572.881629223722
4802.428587750224,117,588,665.2964130826484
3293.7515524931446,64,222,399.45937795766116
3527.348848679197,182,604,567.0665372482996
2793.782087913279,284,971,623.7816489174525
2172.843086792258,59,507,347.8481830321887
2314.6581814796637,80,231,322.21322726937774
3690.0738243081537,163,224,490.14308599193964
4009.49811775072,283,510,642.4851459407911
4166.316174903394,129,328,544.673023181536
4158.472571178216,176,218,539.9814736524191
1364.8244121947614,60,804,325.5146995883183
2977.681218810326,87,566,438.9819388923951
1230.235040066577,296,431,352.31196653523665
3198.115529294942,291,920,646.4627979957975
2766.1220054935084,51,292,357.950403024397
4550.816731033199,287,964,788.966698644612
2403.6600502083147,209,451,434.4483630222302
1468.2680657104233,266,910,466.62122175190297
1571.9667282113435,163,682,383.8418435624596
4046.042526869889,178,861,659.3066004185064
3472.872253265044,172,987,618.6552167726129
1404.490704491161,216,430,324.02862632668507
1336.4272244599897,84,968,364.3706932340497
3803.87652583648,57,511,507.56843940548293
1291.0520254567741,126,508,286.00524188370287
4287.440237161425,226,472,623.1828570736435
3824.968908625985,100,633,554.5356825878567
1325.3951225675992,218,323,307.95377845789966
1339.3508563407677,292,642,414.2853802924324
4946.558314004702,73,633,652.181600869387
2497.0831830244815,218,809,516.3783400810138
2482.5685882675634,160,866,492.18987573828326
4251.19826903001,267,552,668.7054351992532
4788.994309535435,94,441,605.6151446116354
4944.004255291484,223,407,693.0317036615604
4013.5127410357663,259,355,583.9926091842356
2505.038342123663,286,246,439.1075374878417
1334.0028667946751,220,473,341.01136007138496
4108.587663709747,174,416,582.8971115341999
3233.61699894322,204,973,646.892036534127
2696.8880369879053,267,646,535.8868039444696
4625.417540378944,192,477,643.9012080694743
1444.7899292246054,57,664,304.82435045156984
2970.5004171634364,282,311,482.4875783816791
1045.4145790696762,222,555,325.735460414
2874.6425679765052,219,700,528.6336962276429
1225.2131027273495,103,591,301.3752130283366
1475.2716650722878,214,521,353.23176376127344
1470.1049871084197,148,995,418.8428395528895
3596.841208464254,212,904,640.1285424323813
3984.1795170616933,76,698,593.4064652247026
3333.4750603886387,214,655,568.1350783776847
4848.690193898168,299,696,791.8945898246089
2499.482318094816,62,361,361.2897494306643
2142.848345127443,294,516,469.30550178609815
4474.396512757841,151,231,572.8269827489594
1894.3833540778105,267,580,442.87630838994363
4852.890157762446,245,634,715.3122899827886
1048.6178987592655,191,382,273.97295593441896
4879.515306830556,234,971,807.6031103948989
1172.6396478023044,269,927,436.6749929454894
4564.572454792284,151,777,673.3053470111926
3110.8044363451995,131,626,501.2563991287453
4971.859184477202,216,895,801.2269736102752
1295.1862589415955,251,304,328.2875430495067
3215.417137605283,240,832,607.321673666868
4877.210142476396,249,299,681.5355070182205
3092.3913766805954,158,835,551.574067464379
3517.5945525410502,254,420,545.7207393858378
3782.9947559384686,80,901,589.2548157125514
2818.1642590710926,186,955,581.4453135921913
3510.232320336254,51,319,437.58330121533237
3337.257247692401,131,570,510.7918849754899
4604.632041963956,141,984,724.7648222336469
1181.7855213658315,149,586,328.9199180323132
2123.852758368921,223,890,518.1448649905127
4801.645936306235,147,670,709.852395965105
4561.055135563665,162,500,635.515061452366
2822.6270111428516,109,428,425.31894600175616
3480.5303912061468,143,362,476.7866136264068
2109.524731924531,106,809,440.5218174536359
1752.4846388950452,68,509,299.3706683768252
2854.7936197599283,200,609,509.4471176136191
2413.4089121042116,217,593,457.4678659340928
3334.6244474034884,204,661,561.7737764729619
1310.9385478599393,165,892,383.6212304754969
4897.579230664665,144,984,752.4791704597085
4944.842977918412,265,526,726.7930707603515
3792.6468560789804,179,862,635.6819976586472
3144.3854653764815,169,811,569.4718856554513
2238.110465145311,56,658,372.3624185839059
4255.180078827794,135,964,688.0234221529182
3738.924690215517,145,360,530.5720605446073
1650.4677573795652,149,287,291.81481209282254
4643.70873797537,195,883,731.2916848900611
4290.148971692675,183,551,628.4096509174651
4799.199653167696,201,877,767.6172174003766
3902.8780335534398,241,914,695.5288796648776
3453.6607837431593,253,249,516.35393542824
2672.9721451624755,229,906,567.835981028128
4730.913933416054,288,558,717.6684718432413
4464.255558001633,54,608,601.8391509045929
1180.8746804247576,98,701,311.37354111949344
1105.467897989008,51,941,321.168705087512
2505.853467512198,211,215,390.69948876674755
4242.213323127331,274,581,668.5545230898986
4949.104517259778,110,750,705.2586250894368
1601.6675644141128,281,778,468.5565614663019
3376.5228614085404,65,754,514.5792086705661
2523.563426524086,283,307,459.8402096879235
4879.657591258412,137,439,623.3954889398206
4368.475692542835,75,486,565.7013919477115
4353.314818844552,171,843,689.1208925557462
2874.772639179881,114,423,419.9804297481698
2659.278009350661,121,368,390.66273718717014
2093.628287722825,126,965,458.6850332075937
1225.5019866037085,250,207,291.8721259436346
4458.889505020213,184,998,735.6156603179576
4251.60403652031,127,741,614.4780913187813
4998.870693144522,202,862,752.0800677881016
4986.547348295621,229,435,694.0860830509904
3221.7268224105096,118,211,427.9495481015865
4075.949660722042,153,790,614.6199176449519
4779.0629195297115,80,867,686.3089901914549
4398.589562709645,95,792,640.4964777057903
1989.3924069727905,220,314,385.62261847936355
2802.176541240374,95,802,484.2674360069087
1516.6376606059798,181,815,408.99365590800727
4816.204109034889,227,726,741.7329823043636
3424.69853780352,76,812,521.56418898228
1914.5712220138507,191,876,469.83919436770253
3686.8027376234268,114,690,565.8342388169056
3472.512961831583,290,270,551.3339825799042
2432.650872131362,170,590,485.52746427749946
1454.230368798516,251,262,302.48190748486576
3686.2927823711984,187,526,584.576244734731
3081.230803615173,60,525,440.2486051675138
4089.2735669425574,208,252,566.2006457382859
3080.6540044479734,287,479,546.9102779917849
4408.726001274161,200,288,594.2302367934357
3207.627355097942,254,846,611.2644062274067
3243.751886141545,271,958,654.7702759698847
4506.6144106333795,107,257,540.3897040966211
2613.9314648495883,103,964,513.1989381601765
1536.060913802563,202,618,374.0441473314038
1115.130705253356,152,439,264.012377134932
4020.549022694476,259,261,579.2547736894895
3481.238205413859,275,600,618.1953127100115
3816.319072396894,138,835,612.2785563695272
1851.8566460356428,109,765,396.2702007856605
1545.485902347079,245,240,317.73902747755324
1058.1786626715277,118,258,223.99708476638898
2402.3502352263877,255,522,478.99010091054083
3359.6707474185323,155,436,519.1531630748174
2568.9761803989295,216,385,440.1419785849008
2749.899688094916,73,424,402.9765168570707
4616.634777974994,205,842,733.5441531928888
2393.021868093201,162,943,521.8609046279503
3055.957956639243,196,524,501.20747178783705
4134.6120509645725,92,924,651.71125822523
2586.1711292850805,234,457,465.0701399673412
3488.346800911494,265,581,596.8927983200645
4449.45483498698,104,380,573.8630083431817
4798.082494630568,73,712,661.2306534273237
1588.2939237161518,55,983,381.76710194039566
4706.350500645978,210,682,714.1821818963031
2968.465172318153,201,486,510.3276978074371
2032.9775531958335,186,718,449.7522521757355
2836.5430249530455,107,298,405.44584842027353
4920.130301141908,147,910,742.9576348539521
2970.4723759714784,198,602,507.55482931486455
2315.0064411500325,174,559,439.85364969738083
3533.6034172669033,296,668,643.7208096519882
1960.5824751127723,84,699,392.58495426878704
1303.4533124346558,223,257,287.2055249837733
1515.5188876425968,151,746,373.9564022106562
1512.1833558310898,157,393,291.92349395785465
1607.6107740491775,229,771,425.53636634430904
1555.3086905976406,223,858,448.5965741655586
3563.4989792128586,297,843,668.784944129004
1727.5203375965793,82,642,348.5568317116662
2382.669133295453,76,616,397.5618822695672
4587.153639624047,231,314,640.2559342446203
2895.8465610514895,194,820,539.1077422069923
3670.230954084109,118,417,510.2751899047499
1689.2794848065193,69,597,292.9165887716447
1769.1560752346832,71,427,295.9466459418485
1163.4744650659154,273,307,297.94271406944017
1675.7402522886582,97,703,368.733970394334
2114.3613561278344,130,243,332.8102091404286
1708.0419371069872,106,798,388.0709035303596
1354.8101350282225,138,454,310.49107577441606
1482.5434844024032,67,200,212.26518323199195
2843.115072130903,179,608,512.8851391922459
1825.33487362317,66,237,272.2554030049209
2457.0794441923017,250,420,452.34239154704073
3013.669083419428,108,765,519.7231098137722
3761.579314517461,185,250,507.5949963276299
1157.2485593643958,270,871,416.67971432116286
4197.641595636171,212,203,560.2782623312202
3511.601557963631,183,397,516.7703787157229
1327.0361277954876,131,792,346.03803635194623
4494.314496427109,133,453,618.7622803136642
4683.4896021272525,217,281,630.460416209027
1244.311839419455,298,488,374.5562336255143
2107.5105925888147,215,416,395.7475455947447
4224.805119172245,189,874,673.5744789117392
3993.0387615346335,232,450,608.0044497373775
1738.0840774255093,166,831,403.88585798835317
1837.3972933468413,65,913,398.1533888738295
2481.888411165528,190,547,438.90569072822467
2938.0919407640854,289,927,643.5819540687166
3473.019086121184,93,501,503.11553583386564
2475.6545582790895,222,971,553.8229937406238
2850.1388645325915,100,271,401.85095322980584
3989.8837525350264,183,749,631.8252154788453
1146.7328115623916,74,595,276.1080749429401
2009.747777376083,162,510,385.97288207479545
3853.3983435382097,239,706,648.6800351671577
4580.8273507487975,136,763,691.4062700759475
3046.709768462664,216,203,460.5958978740645
3128.4539410612624,248,333,506.3326307343765
1428.6880453591043,281,770,420.8199301736275
2789.649467293819,108,733,469.9644837765872
3130.4690658200925,149,972,580.7198172460521
1969.8820145389186,88,808,403.5219251966584
2076.972923797524,298,960,537.3952551330132
2509.1366524184905,281,762,567.9304319976333
1080.2847911109054,184,438,302.7924196636263
2288.3166623327133,260,284,421.6528494371962
1845.7920279861787,180,825,440.2995714114553
2309.9894087116586,205,715,474.3768511721544
1479.0485272770047,72,238,221.9856681274781
4562.10912295958,238,488,673.5857174811466
3374.3698142161948,81,965,573.514506823047
3716.4092765779583,256,600,607.2233219029796
4156.684954429353,245,546,650.7102596153843
2993.768795716229,227,566,524.5242890833755
1347.6811523496947,59,367,218.5900396561956
3148.426167274191,125,494,467.5387666196241
3347.3644720835164,115,495,487.1003918741352
3981.75789673732,140,241,535.2526662471339
2726.6381849187173,71,814,476.5293497372093
1510.321211182255,284,533,386.2773054272266
2135.103623194898,188,857,483.77072521366614
2452.3291855945404,126,880,468.7598786700704
3583.6689653264048,149,369,517.4938070715112
3283.1132186756477,161,725,549.1000753493861
2424.386903591385,200,577,456.9023284717468
4946.060995171919,178,904,777.6640659926138
3423.0992774275487,279,372,543.3382920569123
1948.907166943978,174,742,416.3195348432679
1407.129890481615,298,686,421.07699578470147
1611.4365567373281,262,436,389.72744418392597
1983.8309135380325,102,309,295.98963059903485
1642.7254930382228,282,721,421.15099332271666
1746.2680962052232,79,790,367.61522103643233
2140.3806747753883,254,452,436.9554754766481
1693.4943811790195,145,715,396.8520556152903
4587.0616985057,269,516,691.7745562297162
1320.9349826465689,267,770,415.47923219349684
3098.0455582810187,251,359,518.6435631706594
2641.5873079586463,247,912,551.3613137989105
4929.514467634426,126,429,637.8662390116125
1448.1556086722094,70,494,280.5197997664715
2591.4223961829666,150,246,387.834426831147
4877.881733101475,93,289,586.9901063782387
4462.028503575921,223,612,680.4472604746504
4268.288283797119,136,414,552.745554845582
2031.6113081797594,293,868,516.6786466946375
1683.5503495602634,210,211,320.090122081571
3674.572879697724,255,503,585.7343476272257
4717.503956510343,83,469,607.6402378669302
3227.051572055719,265,215,502.6738822135989
3286.450757879599,280,299,525.0195837793823
2119.916374641137,171,530,405.1962751740794
4077.9717327677477,201,594,617.4698476239287
1748.1749942300935,241,523,397.85138662604896
2294.716945616975,93,624,406.87385625758975
2701.7457544656672,175,676,494.44430505625104
3030.4415147378204,149,207,413.0788387781427
1969.638929660321,86,571,356.40605700894
1459.347298956814,141,970,417.58082780204757
3442.4801697665303,67,615,480.24860419087827
2154.522212961023,56,742,403.4429619456613
3324.952885690449,83,449,460.4327411822342
1617.4508610968091,290,819,474.79998544208325
2924.5604074192697,187,818,561.5285099783794
3130.3577302063436,291,617,568.2190360483298
1207.2941472897076,158,980,388.6350047046953
2346.4171127756827,127,300,355.25622431881123
1537.658707755897,176,213,276.5283355643454
1253.499881891071,159,816,385.3993539474752
4959.840929559781,76,845,694.4163720177103
2289.415379898892,210,296,387.5860701950205
4239.497783418539,104,412,560.3936686578837
2018.5626190550554,204,214,334.6347666447447
3726.010888895717,212,434,561.444281772009
4040.911439558746,88,818,614.8656765683763
3382.554962431377,65,614,490.2268921993126
2886.3047542006334,245,478,505.7966068310639
2647.363656589074,164,497,440.84304453442365
2395.4730661719814,64,201,296.60260352539046
4718.116576991303,298,439,711.8275898125227
4322.477631150917,64,717,625.1970938315642
4860.10764266605,223,979,793.4947805744393
1497.188893942179,295,877,474.8715305666934
3923.469900814577,109,218,497.37421763262637
4753.361827284151,85,918,688.7428777629483
1724.9322646626406,80,826,394.71837304756014
1265.98506946711,125,824,355.921794910939
3964.4825971602363,75,566,563.4668287069147
3297.8924527196477,223,518,537.5589153167249
4367.315107033088,65,442,575.812129928887
1559.089506505158,177,252,302.56050559086367
4181.069247439561,299,382,649.5373256024797
1806.5092801909782,253,397,388.89117256262927
1654.623771462818,203,587,381.8770909655373
1657.0631917239716,126,797,400.11163575713596
4258.2988809255285,205,579,645.5334867910333
3660.7888827848005,181,246,486.10819124260854
3092.2616990764773,156,966,569.2543052905778
2435.32193649401,82,954,473.4737361274736
4508.802163252433,271,828,755.0802061568988
2569.7804296905415,162,993,536.0121580800552
4266.397757886309,98,635,614.8294836865675
2756.5396342808735,141,970,520.642944787701
2507.7777176996306,153,260,380.7136511350147
2850.7191426784257,256,492,493.2921220139711
2205.5114966565684,233,380,420.6482726204985
3990.4375207050043,242,356,590.2991649260805
3010.8815603699168,52,312,393.68425575723285
1928.8507805872691,154,697,400.6462484528292
4598.298293098274,170,825,722.624478626405
2535.564885492846,54,662,423.3737351898731
3174.2114444559543,114,317,443.65658747571433
4625.888443858188,240,848,750.8936719171845
3496.9519836559684,84,708,539.0937712185482
1467.5921628334563,183,510,333.19029060347214
4759.328494453901,103,739,683.7884060355972
3510.8322122856716,53,407,475.47803017180644
2339.6224586283442,110,476,394.86835146262626
1557.088290653549,293,933,481.5128043672808
4176.1007570811835,250,432,632.6242488808493
3480.291023714054,289,575,594.597686933819
3133.844367905286,171,912,587.0083399022853
4575.570332203831,77,766,653.7630673490086
4154.388844898123,186,249,539.5407210944907
1606.6995189310046,163,317,293.9521134539768
2246.888271182193,261,206,393.55743815078165
1993.9565592578629,74,704,374.187058454378
3975.785170290708,172,558,583.0837476748827
1134.1297389431174,87,307,222.20276118783357
3279.558739485266,131,966,589.1706100379317
4049.834742962762,234,623,644.640782976491
4507.062547046998,169,393,606.2483397031162
2368.32699486363,143,600,438.8197707505287
4285.0292186880515,148,743,667.6569929996881
1442.5269478208288,164,260,273.4170799436176
4385.809166938073,246,419,639.259247522259
1509.9546493279297,273,845,461.40754158691294
2589.149162241469,288,567,512.7346224266771
4189.181463118215,246,637,667.9241743051892
1599.6697093950952,128,546,340.5635024567563
1917.0055809305659,222,235,330.6069972179837
3889.0102735722653,159,332,547.9840506057532
3880.1461461842973,113,556,556.4414198617231
3564.590531541189,260,367,555.7441217084971
3775.7937778684,59,239,453.9870362446256
3170.897773390385,275,874,629.0140708892437
2007.196235627811,165,984,462.7076105283318
2382.783974015678,209,834,524.5277796761002
1726.3908672057028,214,883,456.65234304327646
4633.802245334513,273,393,682.9102458379251
3333.567179064482,209,968,640.9722156121887
2603.4056670545597,203,357,423.02894212985296
2848.023214576531,66,961,514.7370404480054
4789.133358447261,179,995,764.7369249357382
1613.4056124643207,87,769,367.108268998597
3344.919328067189,234,984,627.019658603204
3023.554715537864,178,655,521.3645285513737
3445.816941738591,220,407,529.9534876160195
1072.440735283362,60,549,251.36670303467778
4488.495635776606,71,674,623.8500054513427
4728.473129934449,229,258,631.8710540452248
3260.5327343568356,68,697,492.3315347939232
3786.603295507569,67,984,607.8536758651836
4689.9975247091825,53,352,556.9333301977663
3828.9545372535945,289,834,702.6152906798807
1610.1561716570454,234,926,459.52354516123006
3305.1534406672527,138,954,561.2454618735089
3426.8601855314237,124,968,594.5377979869244
2696.522685209544,137,617,451.16683031251466
3945.7769424988915,243,981,695.9649360952798
4737.46805907606,215,805,729.8725395253803
4702.274051627105,96,329,585.1214898810401
2803.3574856165287,93,581,456.3221568441352
1452.952183363021,74,774,340.2270630749519
4939.364795849338,215,397,674.7714457027764
4355.592345783736,241,712,703.0182765300807
1498.6507248130674,116,733,349.8741693791168
4683.36753046949,55,330,554.8907493553177
4479.585448248514,70,652,601.8149181425215
3075.3522285042886,291,817,598.9169347829117
3365.101742979717,123,599,513.9109372323774
2596.010815480521,242,209,423.9816164472535
1219.0465552881253,206,207,265.33841882866363
2340.7889665836037,145,485,399.4192273788868
4211.413794392046,101,940,650.1839188322368
1018.5280920184115,80,382,224.33527111869086
2333.9966867645767,203,707,463.12834947699184
2592.6747743637734,243,377,463.92775657481207
3149.5824117516913,210,457,501.3360709859019
4679.422465651041,182,878,727.0178941915738
2385.383977463845,60,783,410.4705458402277
2387.812807584911,292,276,434.96725928963474
3950.0049924389937,249,542,637.6536238286792
2808.8717635592284,123,223,392.14345724036247
1898.419291759928,294,584,463.4261502962732
2809.7580645307735,200,729,531.9972319124167
1563.4280815191994,195,294,301.60610986661624
1705.5479460248932,237,431,371.94690235921377
2993.471090957919,252,518,521.1451178046173
2675.7017980181918,214,935,574.8759288422096
4659.3836042724,82,994,693.7704739629769
2449.5755964665323,134,235,367.8945365405443
3322.3534011121737,282,808,643.7648788123051
3529.0571516781215,106,497,523.6019171849731
1052.3778263533345,143,513,275.2409167090385
3654.1494880668424,158,803,612.1381704024859
1712.1438674790056,159,934,460.330905113289
4844.281269877821,203,960,771.7517102184452
1594.6509110124518,285,661,418.81468862592163
2658.496494908095,110,485,399.04954915173187
1341.3986723145754,80,830,347.2669875200708
4987.497007383789,99,400,609.4181986577931
3008.7800413249706,271,651,562.8548136031178
3381.540069280175,211,486,545.227138798407
1268.3059095537099,121,725,334.1823463236702
3999.841881596711,253,392,609.1386368015128
1839.6223723823432,265,353,389.2851357962429
4592.217157762855,261,934,789.3103739094194
1820.5585619280287,279,281,368.2326923854149
1762.7508826546664,113,604,346.8051368808813
1146.1986713923795,238,376,301.0932726865297
2888.2677804399973,165,231,425.8286961626258
3259.3645330504655,260,228,510.54043918899725
1262.8345577134096,232,340,314.79570896452606
4102.110466780043,244,893,722.6459833469037
2813.1553389921105,214,425,461.53512522544725
3097.5610773103203,94,960,565.4283488465434
2763.0509877529125,186,665,517.5374849924139
2603.052243501304,296,549,525.4614443225878
3238.5613252328717,284,664,616.4741216109978
1620.96098372285,60,613,298.12986629550727
1727.7125219810846,91,807,374.426770835482
4447.142484054069,82,425,563.3612137985875
4784.461848534531,231,482,697.5609780910265
2493.2372651190117,254,915,548.8223191158797
2082.978692574215,103,957,458.77282075079637
3575.998172956063,176,914,642.1051787355734
2634.9366843923854,260,535,507.44569744007856
1101.5454226413794,233,824,394.29205250075296
1624.6103894647613,185,581,361.28230553746863
3863.8889153895902,197,598,596.0203818777054
3635.6957676406055,177,363,537.1657658170272
1108.383970013934,124,672,315.03188704044675
1887.8886477317978,191,348,353.49866957940435
1924.2991863522857,222,465,392.25082317756966
3687.5709743949137,268,884,659.2990187083776
1078.8421510174567,209,365,274.6756909149013
1416.4343279382954,240,256,331.9576236652268
4199.664341492758,90,255,503.1618784392511
1714.1786482173345,165,952,446.21266303394424
3610.984431407499,52,605,518.1728828727018
1952.731124186906,111,527,343.6238857386677
1397.7655710373806,231,848,426.7236618515489
1972.6887639978163,297,868,528.7480317748882
3889.067727422637,74,465,519.0317659613362
4422.785872425143,150,754,696.762617799182
4320.879458267967,250,816,703.6019532380147
2588.7341184738193,101,723,464.5606971462207
3672.3405462825845,188,321,523.7060372542938
1819.9371816632838,233,900,486.21291971469515
2172.590921044053,203,631,449.37216362139776
4585.343274084479,97,425,584.702765437348
1052.0076940429442,138,540,284.4907333288878
1342.0341234178723,245,230,284.1243978278044
1831.5450205841094,188,302,343.5869770641248
1106.1288154952788,51,812,301.49446620943314
1725.7417403591894,240,200,338.96077572235004
3332.166243878769,58,533,479.3978076387484
2685.698202369992,236,618,513.8460186390963
4570.686844307899,100,243,557.1495786287727
4269.774246953763,289,978,758.2667413287635
2367.2694067915036,141,380,376.1047330426599
2037.69373372517,131,443,369.73671957429036
2518.7696326690675,87,443,398.34031732396653
3361.179770059231,126,384,473.5368726428026
2072.2545632915053,269,201,382.3854838016833
3496.595631396536,299,783,646.713419389716
2637.6466087649615,142,973,541.0922293291706
3208.188723407921,162,379,484.2730405777099
2744.5061165412667,230,730,554.8627860187643
2177.8630381676708,271,793,503.10307304496973
4793.813227848626,198,878,750.2012437946806
4054.4231766390435,147,538,588.8567768891601
1560.45270306581,153,442,327.4101656838388
4473.871903591651,223,460,648.7305139836888
2949.7247929980545,50,770,465.24286839526843
4578.208907576365,204,853,739.2349660468723
4199.42102378926,138,345,565.1534560043818
2700.8540178769335,248,496,484.1226607820561
1089.8772332804697,73,921,343.24215133910195
2074.7094375397846,197,845,486.6729308459445
3166.536858643468,170,987,600.3966508368247
3533.9128793045893,210,803,619.7872665542193
2031.5507417328092,66,514,344.49565188444
1557.4242962912965,194,672,378.52539892656705
4339.720947197196,190,728,674.8724095113606
4937.608722814209,190,262,619.6370368353291
3102.760729210743,200,635,546.0406293761037
1686.717143393214,219,767,415.9567821149028
2089.2293060774755,251,333,416.05712889203755
1073.562706189867,117,824,327.3550696793222
4657.195226241996,256,667,725.0028528048879
1471.0043315605644,174,961,420.0230940952114
3306.0659020570142,69,233,408.82620146648065
2096.220882748824,64,412,338.2074017263628
3216.7120100631737,133,681,499.4931144409666
3605.6815534074567,246,437,583.7378092016277
4318.967214828806,226,771,702.4769562938977
1825.6850870424128,247,807,455.3982922256691
1043.983314633922,179,282,239.54520753289984
1547.542520275229,160,611,373.7181822996049
4600.07456739242,86,607,614.9523879398148
4495.560310250061,132,495,603.0225259190465
3389.6524086812333,158,946,618.5383862917707
3402.0674417346136,72,862,551.9922729363205
3660.1466981850217,105,757,560.5354140531382
1701.4851144937984,199,771,426.0147612034261
4657.647783699839,233,569,685.8072515335812
2675.0820995682925,299,936,615.2164239410553
2532.55411299799,283,755,556.3691209485303
3075.6708211313503,210,783,574.4871441013545
1187.8638671002202,155,889,377.7029973224922
1665.1334750243177,209,419,372.4252287511055
3952.134465705482,246,845,687.2103098444305
1331.1946717005058,79,356,232.00072591584257
3412.608437865553,152,476,516.9555829148784
1981.3964387252838,259,468,442.10011436789955
2557.182456167906,145,982,514.470650684932
2154.7749470827994,192,885,484.8628670413401
2422.6908658597968,196,760,496.43354696699424
3876.183620736982,96,781,591.2793135836408
2188.4868624927003,140,649,408.8256504454969
3265.618561187589,133,957,595.6804346810636
2904.2016087963984,56,597,461.0205680998124
3654.6846614505926,56,504,496.22978073529833
4747.318957299032,257,330,660.1912128325432
3930.288388841001,118,828,602.1392336335654
1859.761514363027,179,787,435.45591124851455
1124.7325402451388,124,507,286.9120274576765
2049.0561771993002,285,220,396.1572951848839
3380.311722801019,114,871,569.2071338709135
1205.7032539370014,157,209,234.9776088758071
2985.4649888049453,268,762,574.0248625533137
3387.371395667557,260,976,672.2846528300046
2336.9755632678434,96,550,400.83527254064023
4083.6488149832876,250,387,595.3075836314214
1426.393012535087,164,763,393.1376910353155
1300.551126943235,170,853,391.39582490326353
3912.7550248144134,83,637,574.1714489328994
2981.965264824794,70,973,514.3752489976282
3753.609585710944,231,241,525.4027170169401
2739.309354414985,174,603,480.0412423438256
1985.6081329564272,159,774,437.88865756459467
4276.409270696799,232,890,739.6045352989496
4197.663515875916,241,343,615.927140725743
3778.785883417707,89,840,587.9517755736503
2088.580548919851,202,642,427.9943628153262
3360.9226674763486,83,517,493.29227247482635
2443.8955877601074,237,305,414.2425045185036
1366.3282933065366,214,892,438.31751487837687
4669.2543018489705,289,325,673.581583688832
1547.2745236758456,67,447,293.53327309376306
4800.94941528321,64,432,605.2842544289138
2784.023091831823,120,897,516.4323542887577
